timestamp,distance_m,yaw_deg
1758274436.0879781,0.07,70.8
1758274436.138275,0.07,73.5
1758274436.1885724,0.07,78.9
1758274436.2389064,0.07,83.85
1758274436.289223,0.07,89.25
1758274436.3395362,0.07,94.2
1758274436.3898664,0.07,99.6
1758274436.4401782,0.07,104.55
1758274436.490652,0.07,109.95
1758274436.5409536,0.07,114.9
1758274436.5912447,0.08,120.3
1758274436.6415327,0.08,125.25
1758274436.6918294,0.09,130.64
1758274436.7421284,0.1,135.6
1758274436.792419,0.1,141.0
1758274436.8427308,0.13,145.5
1758274436.8932958,0.14,148.2
1758274436.9435892,0.11,150.0
1758274436.9938958,0.11,151.35
1758274437.0441792,0.11,152.7
1758274437.0944593,0.11,154.05
1758274437.1447446,0.11,154.95
1758274437.1952064,0.11,155.85
1758274437.245543,0.11,156.75
1758274437.2958364,0.11,157.64
1758274437.3461268,0.11,160.5
1758274437.3964245,0.11,160.04
1758274437.4467194,0.11,159.14
1758274437.4970317,0.11,158.25
1758274437.547312,0.11,157.34
1758274437.597592,0.11,156.45
1758274437.6478727,0.11,155.09
1758274437.6982703,0.11,153.75
1758274437.7485785,0.11,152.39
1758274437.798876,0.11,150.59
1758274437.849288,0.14,147.45
1758274437.8997476,0.12,142.95
1758274437.9501736,0.1,138.0
1758274438.0005968,0.09,132.59
1758274438.0509205,0.08,127.64
1758274438.101222,0.08,122.24
1758274438.1514876,0.08,117.3
1758274438.201728,0.07,111.89
1758274438.2519536,0.07,106.95
1758274438.3021824,0.07,101.55
1758274438.35241,0.07,96.59
1758274438.4026468,0.07,91.2
1758274438.4528782,0.07,86.24
1758274438.503115,0.07,80.85
1758274438.5533288,0.07,75.89
1758274438.6035662,0.07,70.49
1758274438.653808,0.07,65.54
1758274438.7040427,0.08,60.15
1758274438.7542992,0.08,55.2
1758274438.8045619,0.08,49.8
1758274438.8548381,0.09,44.85
1758274438.9050517,0.1,39.9
1758274438.9553204,0.11,34.5
1758274439.0055892,0.13,29.55
1758274439.0558534,0.15,24.15
1758274439.1061203,0.18,19.2
1758274439.1563911,0.22,13.79
1758274439.2066731,0.2,8.84
1758274439.256954,0.2,3.45
1758274439.307217,0.2,-1.48
1758274439.357482,0.2,-6.44
1758274439.4077406,0.2,-11.84
1758274439.458064,0.21,-16.78
1758274439.50838,0.21,-22.19
1758274439.55881,0.22,-27.13
1758274439.609035,0.24,-32.54
1758274439.6592643,0.21,-37.49
1758274439.7094915,0.18,-42.89
1758274439.7597325,0.17,-47.84
1758274439.8099754,0.16,-53.23
1758274439.8602183,0.15,-58.18
1758274439.9104536,0.14,-63.58
1758274439.9606948,0.13,-68.54
1758274440.0109518,0.13,-73.94
1758274440.0611768,0.12,-78.89
1758274440.1114185,0.12,-84.29
1758274440.16167,0.12,-89.24
1758274440.2119117,0.12,-94.64
1758274440.2621534,0.12,-99.59
1758274440.3123956,0.12,-104.99
1758274440.3626332,0.13,-109.94
1758274440.412869,0.13,-115.34
1758274440.463102,0.14,-120.29
1758274440.513344,0.14,-125.69
1758274440.5635824,0.16,-130.63
1758274440.6138043,0.15,-136.04
1758274440.6640425,0.13,-140.99
1758274440.7142992,0.12,-145.49
1758274440.7645466,0.11,-148.63
1758274440.814816,0.11,-149.99
1758274440.865047,0.11,-151.34
1758274440.9152882,0.11,-152.69
1758274440.9655447,0.11,-154.04
1758274441.015772,0.11,-154.94
1758274441.0660112,0.11,-155.84
1758274441.1163485,0.11,-156.74
1758274441.1666584,0.1,-157.63
1758274441.2168972,0.1,-160.49
1758274441.2671337,0.1,-160.49
1758274441.3174136,0.1,-159.58
1758274441.3678231,0.1,-158.69
1758274441.4182634,0.11,-157.78
1758274441.4686198,0.11,-156.88
1758274441.5190928,0.11,-155.53
1758274441.5695615,0.11,-154.63
1758274441.620203,0.11,-153.28
1758274441.6705503,0.11,-151.49
1758274441.720948,0.11,-149.24
1758274441.7713177,0.12,-145.19
1758274441.821676,0.13,-140.24
1758274441.8721414,0.15,-135.28
1758274441.922371,0.16,-129.88
1758274441.9728143,0.14,-124.94
1758274442.0231862,0.14,-119.54
1758274442.0734246,0.13,-114.58
1758274442.1237655,0.12,-109.19
1758274442.1742184,0.12,-104.23
1758274442.2245646,0.12,-98.83
1758274442.2748935,0.12,-93.88
1758274442.32526,0.12,-88.48
1758274442.3756065,0.12,-83.54
1758274442.4258626,0.12,-78.13
1758274442.4761024,0.13,-73.18
1758274442.5263252,0.13,-67.78
1758274442.5765605,0.14,-62.84
1758274442.6268275,0.15,-57.44
1758274442.677062,0.16,-52.49
1758274442.7272851,0.17,-47.09
1758274442.777503,0.19,-42.14
1758274442.8277345,0.21,-36.74
1758274442.8779666,0.24,-31.79
1758274442.9281878,0.22,-26.39
1758274442.9784045,0.21,-21.44
1758274443.0286465,0.21,-16.03
1758274443.0788782,0.2,-11.09
1758274443.129091,0.2,-5.69
1758274443.179349,0.2,-0.74
1758274443.2296329,0.2,4.19
1758274443.279908,0.21,9.14
1758274443.330176,0.22,14.55
1758274443.380443,0.17,19.49
1758274443.4307258,0.14,24.89
1758274443.4810529,0.12,29.84
1758274443.5313659,0.1,35.25
1758274443.581669,0.1,40.19
1758274443.6320002,0.09,45.6
1758274443.6823301,0.08,50.55
1758274443.732598,0.08,55.94
1758274443.7828922,0.07,60.9
1758274443.8333054,0.07,66.3
1758274443.8837326,0.07,71.25
1758274443.9340248,0.07,76.65
1758274443.9844575,0.07,81.6
1758274444.0348747,0.07,87.0
1758274444.0852766,0.07,91.95
1758274444.1357038,0.07,97.35
1758274444.1861365,0.07,102.3
1758274444.2365515,0.07,107.7
1758274444.2869272,0.07,112.65
1758274444.3372347,0.08,118.05
1758274444.3875387,0.08,123.0
1758274444.437838,0.08,128.39
1758274444.488135,0.09,133.35
1758274444.5387,0.1,138.75
1758274444.5891142,0.12,143.7
1758274444.6394258,0.15,147.3
1758274444.6897378,0.11,149.55
1758274444.7400427,0.11,150.89
1758274444.7903461,0.11,152.25
1758274444.8406534,0.11,153.6
1758274444.8909621,0.11,154.5
1758274444.9412587,0.11,155.39
1758274444.9915564,0.11,156.3
1758274445.041866,0.11,157.2
1758274445.0921707,0.11,160.04
1758274445.142472,0.11,160.04
1758274445.1927729,0.11,159.59
1758274445.2430775,0.11,158.7
1758274445.2933862,0.11,157.79
1758274445.3436906,0.11,156.89
1758274445.393982,0.11,155.54
1758274445.4442942,0.11,154.2
1758274445.494635,0.11,152.84
1758274445.54494,0.11,151.5
1758274445.5952454,0.14,149.25
1758274445.6455557,0.12,145.2
1758274445.6959012,0.1,139.79
1758274445.7462018,0.1,134.84
1758274445.796534,0.09,129.45
1758274445.84686,0.08,124.49
1758274445.8972178,0.08,119.55
1758274445.9475281,0.07,114.14
1758274445.9979873,0.07,108.74
1758274446.0482883,0.07,103.8
1758274446.0987833,0.07,98.39
1758274446.1491144,0.07,93.45
1758274446.199398,0.07,88.49
1758274446.2496662,0.07,83.1
1758274446.2999382,0.07,78.14
1758274446.3502285,0.07,72.74
1758274446.4005241,0.07,67.79
1758274446.450821,0.07,62.4
1758274446.5011077,0.08,57.45
1758274446.5513978,0.08,52.05
1758274446.601685,0.09,47.1
1758274446.652379,0.09,41.7
1758274446.7026699,0.1,36.75
1758274446.7529664,0.12,31.35
1758274446.8042376,0.14,26.4
1758274446.854533,0.17,21.0
1758274446.9048119,0.21,16.04
1758274446.9551022,0.21,10.65
1758274447.0053952,0.2,5.7
1758274447.0556881,0.2,0.75
1758274447.1059828,0.2,-4.63
1758274447.1562717,0.2,-9.58
1758274447.206553,0.21,-14.98
1758274447.2568338,0.21,-19.93
1758274447.3071113,0.22,-25.33
1758274447.3574018,0.24,-30.29
1758274447.40769,0.22,-35.68
1758274447.4579766,0.19,-40.63
1758274447.508261,0.17,-46.04
1758274447.5585432,0.16,-50.98
1758274447.6088283,0.15,-56.39
1758274447.6591125,0.14,-61.34
1758274447.7093916,0.13,-66.74
1758274447.7596855,0.13,-71.69
1758274447.8099716,0.12,-76.64
1758274447.8602557,0.12,-82.04
1758274447.9105315,0.12,-86.99
1758274447.9608097,0.12,-92.39
1758274448.011102,0.12,-97.34
1758274448.0613902,0.12,-102.74
1758274448.111677,0.13,-107.69
1758274448.1619687,0.13,-113.09
1758274448.2122545,0.14,-118.04
1758274448.262549,0.14,-123.44
1758274448.312841,0.16,-128.38
1758274448.3631334,0.15,-133.79
1758274448.4134426,0.13,-138.74
1758274448.463727,0.12,-143.69
1758274448.5140173,0.12,-147.29
1758274448.5643058,0.11,-149.54
1758274448.614598,0.11,-150.88
1758274448.664897,0.11,-152.24
1758274448.715181,0.11,-153.59
1758274448.765479,0.11,-154.49
1758274448.8157673,0.1,-155.38
1758274448.8660653,0.11,-156.29
1758274448.916352,0.11,-157.19
1758274448.9666393,0.1,-160.49
1758274449.01694,0.1,-160.49
1758274449.0672314,0.1,-160.03
1758274449.117535,0.1,-159.13
1758274449.167832,0.11,-158.24
1758274449.2181237,0.11,-157.33
1758274449.2684157,0.11,-155.99
1758274449.3187113,0.11,-155.08
1758274449.369014,0.11,-153.74
1758274449.4193215,0.11,-152.38
1758274449.469624,0.11,-150.13
1758274449.519921,0.12,-146.99
1758274449.5702388,0.13,-142.49
1758274449.6205478,0.14,-137.08
1758274449.6708615,0.15,-132.13
1758274449.721198,0.15,-126.73
1758274449.771521,0.14,-121.79
1758274449.8218184,0.13,-116.83
1758274449.872117,0.13,-111.44
1758274449.9224179,0.12,-106.48
1758274449.972741,0.12,-101.08
1758274450.0231998,0.12,-96.13
1758274450.0735,0.12,-90.73
1758274450.1238139,0.12,-85.79
1758274450.1741202,0.12,-80.38
1758274450.2244203,0.13,-75.43
1758274450.2747166,0.13,-70.03
1758274450.3250237,0.14,-65.09
1758274450.37532,0.14,-59.69
1758274450.4256203,0.16,-54.74
1758274450.4759188,0.17,-49.34
1758274450.526212,0.18,-44.39
1758274450.5765092,0.2,-38.99
1758274450.6268263,0.24,-34.04
1758274450.6771028,0.22,-28.64
1758274450.727386,0.21,-23.69
1758274450.7776778,0.21,-18.29
1758274450.827979,0.2,-13.34
1758274450.8782876,0.2,-7.94
1758274450.928591,0.2,-2.99
1758274450.9790142,0.2,1.94
1758274451.0294418,0.2,7.35
1758274451.079884,0.21,12.3
1758274451.130407,0.19,17.69
1758274451.1807895,0.16,22.64
1758274451.231072,0.13,28.05
1758274451.2813613,0.11,33.0
1758274451.3317099,0.1,38.39
1758274451.3821898,0.09,43.35
1758274451.43261,0.08,48.74
1758274451.4829156,0.08,53.69
1758274451.5332036,0.08,59.1
1758274451.5835183,0.07,64.05
1758274451.633815,0.07,69.45
1758274451.684092,0.07,74.4
1758274451.73437,0.07,79.35
1758274451.7846503,0.07,84.75
1758274451.83493,0.07,89.7
1758274451.885229,0.07,95.1
1758274451.9355135,0.07,100.05
1758274451.9857724,0.07,105.45
1758274452.0360498,0.07,110.4
1758274452.0863428,0.07,115.8
1758274452.1366193,0.08,120.75
1758274452.186908,0.08,126.15
1758274452.2371955,0.09,131.1
1758274452.2874753,0.1,136.5
1758274452.338141,0.11,141.45
1758274452.3884618,0.13,145.95
1758274452.438785,0.13,148.64
1758274452.4891415,0.11,150.45
1758274452.5394838,0.11,151.8
1758274452.5900128,0.11,153.14
1758274452.6403272,0.11,154.05
1758274452.6906483,0.11,154.95
1758274452.7410014,0.11,155.85
1758274452.7913156,0.11,156.75
1758274452.8416457,0.11,157.64
1758274452.8919854,0.11,160.04
1758274452.9422684,0.11,159.59
1758274452.9925766,0.11,159.14
1758274453.0429533,0.11,158.25
1758274453.0932603,0.11,157.34
1758274453.1435406,0.11,156.0
1758274453.1938293,0.11,155.09
1758274453.2441025,0.11,153.75
1758274453.294369,0.11,152.39
1758274453.3446379,0.12,150.14
1758274453.3949053,0.13,147.0
1758274453.4451814,0.11,142.04
1758274453.4954576,0.1,137.09
1758274453.5457275,0.09,131.7
1758274453.5959928,0.08,126.74
1758274453.6462622,0.08,121.34
1758274453.6965365,0.08,116.39
1758274453.7468107,0.07,110.99
1758274453.797074,0.07,106.05
1758274453.8473592,0.07,100.64
1758274453.8976548,0.07,95.7
1758274453.947952,0.07,90.74
1758274453.998251,0.07,85.35
1758274454.0485568,0.07,80.39
1758274454.0988684,0.07,74.99
1758274454.1491785,0.07,70.04
1758274454.199465,0.07,64.64
1758274454.249769,0.08,59.7
1758274454.3000367,0.08,54.3
1758274454.3503299,0.08,49.35
1758274454.4006233,0.09,43.95
1758274454.4509249,0.1,39.0
1758274454.501212,0.11,33.59
1758274454.5515144,0.13,28.65
1758274454.6018078,0.16,23.25
1758274454.6521084,0.19,18.3
1758274454.7023985,0.21,12.9
1758274454.7526987,0.2,7.95
1758274454.8029945,0.2,2.55
1758274454.8532858,0.2,-2.38
1758274454.9035852,0.2,-7.34
1758274454.9538915,0.2,-12.74
1758274455.0041904,0.21,-17.68
1758274455.0545065,0.21,-23.08
1758274455.104799,0.22,-28.04
1758274455.1552258,0.24,-33.43
1758274455.2056432,0.2,-38.38
1758274455.2560482,0.18,-43.79
1758274455.3064675,0.17,-48.73
1758274455.3568752,0.16,-54.14
1758274455.4072814,0.14,-59.09
1758274455.4577332,0.14,-64.49
1758274455.5080364,0.13,-69.44
1758274455.5584624,0.12,-74.84
1758274455.6087692,0.12,-79.79
1758274455.6590803,0.12,-85.19
1758274455.7093828,0.12,-90.14
1758274455.759691,0.12,-95.54
1758274455.8099918,0.12,-100.49
1758274455.8603115,0.12,-105.89
1758274455.9106033,0.13,-110.84
1758274455.9609,0.13,-116.24
1758274456.0112014,0.14,-121.19
1758274456.061512,0.15,-126.59
1758274456.111817,0.16,-131.54
1758274456.162169,0.14,-136.49
1758274456.2124753,0.13,-141.88
1758274456.262777,0.12,-145.94
1758274456.3130808,0.11,-148.63
1758274456.363403,0.11,-150.44
1758274456.4136875,0.11,-151.79
1758274456.463942,0.11,-153.13
1758274456.514198,0.11,-154.04
1758274456.5644646,0.11,-155.38
1758274456.6147487,0.11,-156.29
1758274456.6650343,0.11,-156.74
1758274456.715298,0.1,-157.63
1758274456.7655587,0.1,-160.49
1758274456.815824,0.1,-160.03
1758274456.8661046,0.1,-159.58
1758274456.9163694,0.11,-158.69
1758274456.9666352,0.11,-157.78
1758274457.016961,0.11,-156.44
1758274457.0672698,0.11,-155.53
1758274457.1175373,0.11,-154.19
1758274457.1678135,0.11,-152.83
1758274457.21808,0.11,-151.49
1758274457.2683556,0.11,-148.78
1758274457.3186252,0.12,-144.74
1758274457.3689141,0.13,-139.33
1758274457.4192,0.15,-134.38
1758274457.4694448,0.16,-128.99
1758274457.5196984,0.14,-124.04
1758274457.5699446,0.13,-118.63
1758274457.6201873,0.13,-113.69
1758274457.6704428,0.13,-108.29
1758274457.720704,0.12,-103.33
1758274457.770966,0.12,-97.94
1758274457.8212342,0.12,-92.98
1758274457.8714924,0.12,-87.58
1758274457.9217646,0.12,-82.63
1758274457.9720316,0.12,-77.23
1758274458.0222933,0.13,-72.28
1758274458.072557,0.13,-66.88
1758274458.122849,0.14,-61.94
1758274458.173121,0.15,-56.54
1758274458.2233942,0.16,-51.59
1758274458.2736633,0.17,-46.19
1758274458.3239262,0.19,-41.24
1758274458.3741963,0.22,-36.29
1758274458.4244843,0.24,-30.89
1758274458.4747503,0.22,-25.94
1758274458.5250285,0.21,-20.54
1758274458.575295,0.21,-15.59
1758274458.625567,0.2,-10.19
1758274458.6758418,0.2,-5.24
1758274458.726115,0.2,-0.29
1758274458.7763867,0.2,5.09
1758274458.8266544,0.21,10.05
1758274458.876925,0.21,15.45
1758274458.9272177,0.17,20.39
1758274458.977501,0.14,25.8
1758274459.0277824,0.12,30.74
1758274459.0780475,0.1,36.14
1758274459.128319,0.09,41.1
1758274459.1785886,0.09,46.49
1758274459.2288656,0.08,51.44
1758274459.2791505,0.08,56.85
1758274459.3294241,0.08,61.8
1758274459.3796923,0.07,67.2
1758274459.429963,0.07,72.15
1758274459.480226,0.07,77.55
1758274459.5305204,0.07,82.5
1758274459.5808275,0.07,87.9
1758274459.631131,0.07,92.85
1758274459.6814082,0.07,98.25
1758274459.7316883,0.07,103.2
1758274459.7819657,0.07,108.6
1758274459.8322334,0.07,113.55
1758274459.882516,0.08,118.95
1758274459.9328048,0.08,123.9
1758274459.9830837,0.09,129.3
1758274460.0333593,0.1,134.25
1758274460.083662,0.1,139.64
1758274460.1339715,0.12,144.6
1758274460.1842341,0.14,147.75
1758274460.234593,0.11,149.55
1758274460.2849529,0.11,151.35
1758274460.3355076,0.11,152.7
1758274460.3857815,0.11,153.6
1758274460.4361682,0.11,154.95
1758274460.4865565,0.11,155.85
1758274460.5369473,0.11,156.75
1758274460.5872343,0.11,157.2
1758274460.6375065,0.11,160.04
1758274460.687919,0.11,160.04
1758274460.7382333,0.11,159.14
1758274460.7885253,0.11,158.7
1758274460.8388221,0.11,157.79
1758274460.8890991,0.11,156.45
1758274460.9393625,0.11,155.54
1758274460.9896433,0.11,154.2
1758274461.0399537,0.11,152.84
1758274461.090252,0.11,151.04
1758274461.1405392,0.14,148.34
1758274461.1908424,0.12,144.29
1758274461.2411518,0.1,139.34
1758274461.2914352,0.09,133.95
1758274461.3417404,0.09,128.55
1758274461.392049,0.08,123.59
1758274461.4423327,0.08,118.2
1758274461.4925785,0.07,113.24
1758274461.5428612,0.07,108.3
1758274461.5931258,0.07,102.89
1758274461.6433945,0.07,97.95
1758274461.6936736,0.07,92.55
1758274461.7439659,0.07,87.59
1758274461.7942758,0.07,82.2
1758274461.8445196,0.07,77.24
1758274461.894803,0.07,71.85
1758274461.945088,0.07,66.89
1758274461.9954035,0.08,61.5
1758274462.0457218,0.08,56.55
1758274462.0960157,0.08,51.15
1758274462.146533,0.09,46.2
1758274462.1968055,0.1,40.8
1758274462.247055,0.11,35.84
1758274462.2973263,0.12,30.45
1758274462.347672,0.14,25.5
1758274462.3980324,0.17,20.1
1758274462.4483035,0.22,15.15
1758274462.4985814,0.21,9.75
1758274462.5488513,0.2,4.8
1758274462.5991232,0.2,-0.13
1758274462.6494362,0.2,-5.54
1758274462.69973,0.2,-10.49
1758274462.7500467,0.21,-15.44
1758274462.8003602,0.21,-20.83
1758274462.850669,0.22,-25.79
1758274462.9010007,0.24,-31.18
1758274462.9512858,0.21,-36.13
1758274463.0015588,0.19,-41.54
1758274463.0518558,0.17,-46.48
1758274463.1021588,0.16,-51.89
1758274463.1524842,0.15,-56.84
1758274463.202842,0.14,-62.23
1758274463.2531886,0.13,-67.19
1758274463.303526,0.13,-72.59
1758274463.3538592,0.12,-77.54
1758274463.4041853,0.12,-82.94
1758274463.4545305,0.12,-87.89
1758274463.5048738,0.12,-93.29
1758274463.5551937,0.12,-98.24
1758274463.6054869,0.12,-103.64
1758274463.6557982,0.12,-108.59
1758274463.7060952,0.13,-113.99
1758274463.7563584,0.14,-118.94
1758274463.8066597,0.14,-124.34
1758274463.8569746,0.16,-129.29
1758274463.907255,0.15,-134.69
1758274463.9575238,0.13,-139.63
1758274464.007817,0.12,-144.59
1758274464.0581183,0.11,-147.74
1758274464.1083925,0.11,-149.99
1758274464.1586854,0.11,-151.34
1758274464.209055,0.11,-152.69
1758274464.25936,0.11,-153.59
1758274464.3096454,0.11,-154.94
1758274464.3599346,0.11,-155.84
1758274464.4102125,0.11,-156.74
1758274464.4604876,0.1,-157.19
1758274464.5107586,0.1,-160.49
1758274464.561054,0.1,-160.49
1758274464.6113214,0.1,-159.58
1758274464.6615992,0.11,-158.69
1758274464.7118871,0.1,-158.24
1758274464.7621734,0.11,-156.88
1758274464.8124425,0.11,-155.99
1758274464.8627353,0.11,-154.63
1758274464.9130518,0.11,-153.28
1758274464.9633121,0.11,-151.94
1758274465.013583,0.11,-150.13
1758274465.063846,0.12,-146.53
1758274465.1141217,0.13,-141.58
1758274465.1643896,0.14,-136.63
1758274465.2146683,0.16,-131.24
1758274465.2649426,0.14,-126.29
1758274465.3152304,0.14,-120.88
1758274465.3654933,0.13,-115.94
1758274465.4157825,0.13,-110.54
1758274465.4661846,0.12,-105.58
1758274465.5166152,0.12,-100.19
1758274465.56702,0.12,-95.23
1758274465.6174145,0.12,-89.83
1758274465.6676846,0.12,-84.88
1758274465.7179663,0.12,-79.48
1758274465.7682538,0.13,-74.53
1758274465.8186715,0.13,-69.13
1758274465.869094,0.14,-64.18
1758274465.9194977,0.15,-58.79
1758274465.9699192,0.16,-53.84
1758274466.0203276,0.17,-48.44
1758274466.0706072,0.18,-43.49
1758274466.121013,0.2,-38.08
1758274466.1714582,0.24,-33.13
1758274466.2217839,0.22,-27.74
1758274466.2720637,0.21,-22.79
1758274466.3224797,0.21,-17.39
1758274466.3729405,0.2,-12.44
1758274466.4234416,0.2,-7.04
1758274466.4738283,0.2,-2.08
1758274466.5242276,0.2,2.84
1758274466.5746176,0.2,8.25
1758274466.6250505,0.21,13.2
1758274466.675443,0.18,18.59
1758274466.72586,0.15,23.55
1758274466.7762861,0.13,28.95
1758274466.8266916,0.11,33.89
1758274466.8771403,0.1,39.3
1758274466.927537,0.09,44.24
1758274466.9779289,0.08,49.19
1758274467.0283582,0.08,54.6
1758274467.0786586,0.08,59.55
1758274467.1290588,0.07,64.95
1758274467.1793404,0.07,69.9
1758274467.2297583,0.07,75.3
1758274467.2801483,0.07,80.25
1758274467.330563,0.07,85.65
1758274467.3808522,0.07,90.6
1758274467.4311886,0.07,96.0
1758274467.4814696,0.07,100.95
1758274467.5317683,0.07,106.35
1758274467.5820556,0.07,111.3
1758274467.632356,0.08,116.7
1758274467.6826434,0.08,121.65
1758274467.7329364,0.08,127.05
1758274467.7832139,0.09,132.0
1758274467.8336496,0.1,137.39
1758274467.8841774,0.12,142.35
1758274467.9347532,0.14,146.39
1758274467.9850376,0.12,149.1
1758274468.0354528,0.11,150.45
1758274468.0858755,0.11,151.8
1758274468.1362827,0.11,153.14
1758274468.1867042,0.11,154.5
1758274468.2371285,0.11,155.39
1758274468.287585,0.11,156.3
1758274468.3379908,0.11,157.2
1758274468.3884213,0.11,157.64
1758274468.4388444,0.11,160.04
1758274468.4892762,0.11,159.59
1758274468.5396762,0.11,158.7
1758274468.590016,0.11,157.79
1758274468.6403382,0.11,156.89
1758274468.690634,0.11,156.0
1758274468.7409313,0.11,154.64
1758274468.791214,0.11,153.29
1758274468.8415143,0.11,151.95
1758274468.8918183,0.12,149.7
1758274468.942123,0.13,146.09
1758274468.9924312,0.11,141.14
1758274469.042748,0.1,136.2
1758274469.0930567,0.09,130.79
1758274469.1433487,0.08,125.84
1758274469.193647,0.08,120.45
1758274469.2439632,0.07,115.49
1758274469.2942755,0.07,110.09
1758274469.344595,0.07,105.14
1758274469.3949077,0.07,100.2
1758274469.4452183,0.07,94.8
1758274469.4955208,0.07,89.84
1758274469.545818,0.07,84.45
1758274469.5961256,0.07,79.49
1758274469.6464336,0.07,74.1
1758274469.6967235,0.07,69.14
1758274469.7470288,0.07,63.75
1758274469.797327,0.08,58.8
1758274469.8476317,0.08,53.4
1758274469.8979495,0.09,48.45
1758274469.9482794,0.09,43.05
1758274469.998565,0.1,38.09
1758274470.0489485,0.11,32.7
1758274470.099361,0.13,27.75
1758274470.1497517,0.16,22.35
1758274470.2001874,0.2,17.4
1758274470.2505662,0.21,11.99
1758274470.3009465,0.2,7.05
1758274470.3513205,0.2,1.65
1758274470.4017022,0.2,-3.29
1758274470.4520729,0.2,-8.24
1758274470.502343,0.2,-13.64
1758274470.5527146,0.21,-18.58
1758274470.6030838,0.22,-23.98
1758274470.653471,0.23,-28.94
1758274470.703851,0.24,-34.33
1758274470.7542324,0.2,-39.29
1758274470.804507,0.18,-44.68
1758274470.8548915,0.16,-49.64
1758274470.9052553,0.15,-55.04
1758274470.9556546,0.15,-59.98
1758274471.0060673,0.13,-65.39
1758274471.0564435,0.13,-70.34
1758274471.1068225,0.12,-75.74
1758274471.157222,0.12,-80.69
1758274471.2076406,0.12,-86.09
1758274471.2580056,0.12,-91.04
1758274471.3083897,0.12,-96.44
1758274471.358822,0.12,-101.39
1758274471.4093118,0.12,-106.79
1758274471.4596717,0.13,-111.74
1758274471.5100718,0.13,-116.69
1758274471.5604749,0.14,-122.09
1758274471.6107485,0.15,-127.04
1758274471.661051,0.15,-132.44
1758274471.7113326,0.14,-137.38
1758274471.7616067,0.12,-142.79
1758274471.8119073,0.12,-146.84
1758274471.862198,0.11,-149.09
1758274471.9126182,0.13,-114.44
1758274471.962905,0.14,-119.39
1758274472.0131824,0.14,-124.79
1758274472.0634665,0.16,-129.74
1758274472.1137433,0.15,-135.13
1758274472.1640406,0.13,-140.09
1758274472.2143316,0.12,-145.04
1758274472.2646265,0.12,-148.19
1758274472.3149304,0.11,-149.99
1758274472.3652542,0.11,-151.34
1758274472.4155526,0.11,-152.69
1758274472.4658601,0.11,-153.59
1758274472.516166,0.11,-154.94
1758274472.5665452,0.11,-155.84
1758274472.6168525,0.11,-156.74
1758274472.6671681,0.11,-157.63
1758274472.7174573,0.11,-160.49
1758274472.7677646,0.1,-160.49
1758274472.8180635,0.11,-159.58
1758274472.8683898,0.11,-158.69
1758274472.9187036,0.11,-157.78
1758274472.9690742,0.11,-156.88
1758274473.0193794,0.11,-155.99
1758274473.0697124,0.11,-154.63
1758274473.1200361,0.11,-153.28
1758274473.170348,0.11,-151.94
1758274473.2206323,0.11,-149.69
1758274473.2709517,0.12,-146.08
1758274473.3212368,0.13,-141.13
1758274473.3715184,0.15,-136.19
1758274473.4217741,0.16,-130.78
1758274473.4720304,0.14,-125.83
1758274473.5222862,0.14,-120.44
1758274473.572538,0.13,-115.48
1758274473.6228452,0.13,-110.08
1758274473.6731966,0.12,-105.13
1758274473.7234914,0.12,-99.73
1758274473.7737484,0.12,-94.79
1758274473.8240235,0.12,-89.38
1758274473.874373,0.12,-84.44
1758274473.9246716,0.12,-79.03
1758274473.9749866,0.13,-74.09
1758274474.0252805,0.13,-68.68
1758274474.0755875,0.14,-63.74
1758274474.1258852,0.15,-58.34
1758274474.1761878,0.16,-53.39
1758274474.2264853,0.17,-47.99
1758274474.27677,0.18,-43.04
1758274474.3270247,0.21,-37.64
1758274474.3773062,0.24,-32.69
1758274474.4275928,0.22,-27.29
1758274474.4778738,0.21,-22.34
1758274474.5281556,0.21,-16.94
1758274474.5784597,0.2,-11.98
1758274474.6287298,0.2,-6.58
1758274474.6790185,0.2,-1.64
1758274474.7293036,0.2,3.3
1758274474.7795877,0.2,8.7
1758274474.829884,0.21,13.65
1758274474.880188,0.18,19.04
1758274474.930481,0.15,23.99
1758274474.980781,0.12,29.39
1758274475.031042,0.11,34.34
1758274475.081331,0.1,39.75
1758274475.1316292,0.09,44.69
1758274475.181932,0.08,50.1
1758274475.2322254,0.08,55.05
1758274475.2825277,0.08,60.44
1758274475.3328044,0.07,65.4
1758274475.383084,0.07,70.8
1758274475.4333704,0.07,75.75
1758274475.483687,0.07,81.15
1758274475.5339622,0.07,86.1
1758274475.5842657,0.07,91.05
1758274475.6345756,0.07,96.45
1758274475.6848924,0.07,101.4
1758274475.735202,0.07,106.8
1758274475.7855096,0.07,111.75
1758274475.835809,0.08,117.15
1758274475.8861115,0.08,122.1
1758274475.9364293,0.09,127.5
1758274475.9867427,0.09,132.45
1758274476.0370834,0.1,137.85
1758274476.0874205,0.12,142.8
1758274476.1377053,0.14,146.85
1758274476.188001,0.11,149.1
1758274476.2382915,0.11,150.89
1758274476.2885745,0.11,152.25
1758274476.338902,0.11,153.14
1758274476.3892756,0.11,154.5
1758274476.4397016,0.11,155.39
1758274476.490086,0.11,156.3
1758274476.5404792,0.11,157.2
1758274476.5909052,0.11,157.64
1758274476.6412945,0.11,160.04
1758274476.6916835,0.11,159.59
1758274476.7420888,0.11,158.7
1758274476.7924945,0.11,157.79
1758274476.8427832,0.11,156.89
1758274476.893083,0.11,156.0
